q0_w	q0_x	q0_y	q0_z	q1_w	q1_x	q1_y	q1_z	q2_w	q2_x	q2_y	q2_z	q3_w	q3_x	q3_y	q3_z	q4_w	q4_x	q4_y	q4_z	
0.511436	-0.073207	-0.199692	0.832465	0.887828	-0.164192	-0.096156	0.418849	0.999435	-0.025670	0.004343	-0.019395	0.923991	-0.041596	0.077554	-0.371954	0.572398	0.008823	0.189887	-0.797589
0.510943	-0.071880	-0.199603	0.832920	0.887541	-0.164152	-0.096054	0.419428	0.999423	-0.025586	0.004442	-0.018966	0.924108	-0.040718	0.077625	-0.371760	0.572945	0.009180	0.189537	-0.797274
0.510510	-0.071316	-0.199948	0.833181	0.886899	-0.164184	-0.095898	0.420888	0.999466	-0.025442	0.004469	-0.018418	0.924122	-0.040654	0.077995	-0.371731	0.573218	0.010063	0.189294	-0.797093
0.510142	-0.070385	-0.200111	0.833440	0.886651	-0.163909	-0.095557	0.421562	0.999485	-0.025195	0.004582	-0.018483	0.924079	-0.040717	0.078246	-0.371687	0.573289	0.010179	0.189298	-0.797082
0.509977	-0.069986	-0.200220	0.833561	0.886452	-0.164066	-0.095486	0.421887	0.999438	-0.025379	0.004790	-0.018774	0.924175	-0.040940	0.078571	-0.371395	0.573545	0.009833	0.189549	-0.796844
0.511225	-0.070938	-0.199948	0.832724	0.886342	-0.164793	-0.095428	0.421776	0.999459	-0.025377	0.005044	-0.019006	0.924467	-0.042390	0.079567	-0.370235	0.574396	0.009038	0.189580	-0.796227
0.513593	-0.071582	-0.199329	0.831384	0.886618	-0.169235	-0.094809	0.419644	0.999399	-0.026597	0.005041	-0.018959	0.924809	-0.044020	0.080070	-0.369088	0.580861	0.006294	0.188634	-0.791752
0.518404	-0.073259	-0.198527	0.828468	0.886913	-0.176179	-0.095393	0.415980	0.999374	-0.027398	0.005089	-0.019170	0.925459	-0.048387	0.081076	-0.366797	0.588975	0.002949	0.187129	-0.786131
0.526563	-0.077662	-0.197211	0.823163	0.888174	-0.183613	-0.096851	0.409755	0.999362	-0.028148	0.005147	-0.019626	0.928803	-0.056342	0.084626	-0.356251	0.601212	-0.003741	0.187846	-0.776593
0.557622	-0.093405	-0.192589	0.801934	0.890823	-0.190302	-0.097134	0.400700	0.999315	-0.028654	0.005325	-0.020273	0.932415	-0.058896	0.085135	-0.346046	0.617972	-0.009311	0.185975	-0.763747
0.580574	-0.101002	-0.187456	0.785730	0.901713	-0.197450	-0.092129	0.373121	0.999320	-0.027467	0.005634	-0.021531	0.937116	-0.058544	0.083936	-0.333525	0.664426	-0.015998	0.178321	-0.725527
0.607654	-0.109380	-0.181976	0.765175	0.909111	-0.197219	-0.087168	0.356114	0.999324	-0.025914	0.005732	-0.022570	0.942204	-0.057099	0.082415	-0.319441	0.692351	-0.016575	0.171498	-0.700634
0.637427	-0.114945	-0.173754	0.741678	0.916980	-0.195222	-0.081728	0.337866	0.999382	-0.024422	0.005828	-0.023543	0.953952	-0.045818	0.074133	-0.286873	0.721452	-0.014784	0.161483	-0.673200
0.700219	-0.123227	-0.154635	0.685877	0.924947	-0.192027	-0.075544	0.318982	0.999394	-0.022559	0.005906	-0.024472	0.959138	-0.041304	0.070950	-0.270546	0.750278	-0.012316	0.151496	-0.643373
0.730690	-0.125095	-0.143982	0.655434	0.940138	-0.180983	-0.064568	0.281086	0.999439	-0.019134	0.005874	-0.025960	0.963414	-0.038237	0.069275	-0.255858	0.803920	-0.006897	0.131795	-0.579880
0.759018	-0.125447	-0.133838	0.624537	0.946678	-0.176621	-0.059504	0.262508	0.999442	-0.018052	0.005778	-0.026315	0.967362	-0.034597	0.068088	-0.241423	0.827323	-0.006255	0.122981	-0.548010
0.785363	-0.123406	-0.124078	0.593704	0.952126	-0.173641	-0.054358	0.245209	0.999465	-0.017386	0.005622	-0.026287	0.973730	-0.027154	0.068454	-0.215295	0.848611	-0.005546	0.114556	-0.516367
0.830998	-0.114410	-0.107229	0.533565	0.956806	-0.171828	-0.049784	0.228652	0.999435	-0.015940	0.005581	-0.026840	0.976344	-0.025453	0.069303	-0.203068	0.867489	-0.004178	0.105586	-0.485958
0.849946	-0.109444	-0.099801	0.505516	0.965384	-0.164323	-0.040445	0.197928	0.999430	-0.013474	0.006353	-0.028803	0.978647	-0.023081	0.069924	-0.191594	0.897553	-0.000159	0.090968	-0.431285
0.866608	-0.105345	-0.093216	0.478614	0.968397	-0.163833	-0.037019	0.183905	0.999443	-0.012955	0.006495	-0.029736	0.980797	-0.021834	0.070598	-0.180310	0.909527	0.002098	0.085061	-0.406759
0.881152	-0.103987	-0.086291	0.452876	0.970686	-0.165070	-0.034198	0.170741	0.999383	-0.012683	0.006592	-0.030725	0.984248	-0.022758	0.071587	-0.159682	0.919870	-0.000493	0.081668	-0.383446
0.905868	-0.102131	-0.073697	0.404275	0.972686	-0.166325	-0.031374	0.158389	0.999364	-0.011553	0.006707	-0.031685	0.985793	-0.023596	0.071562	-0.149828	0.929133	0.001903	0.076231	-0.361598
0.916947	-0.099874	-0.068127	0.380082	0.976005	-0.167618	-0.025840	0.135968	0.999332	-0.009956	0.006828	-0.033216	0.987231	-0.022069	0.070780	-0.140342	0.944815	0.004310	0.067895	-0.320201
0.927117	-0.096900	-0.062849	0.356345	0.978222	-0.163472	-0.023008	0.125022	0.999374	-0.008508	0.006324	-0.033114	0.988451	-0.021471	0.070295	-0.131874	0.951889	0.003849	0.063976	-0.299416
0.936514	-0.093531	-0.057949	0.332654	0.980166	-0.159657	-0.020120	0.114895	0.999341	-0.007350	0.005954	-0.032874	0.990511	-0.019422	0.070393	-0.115620	0.958402	0.004564	0.059109	-0.279040
0.953214	-0.086068	-0.048341	0.285527	0.981483	-0.158192	-0.018124	0.105769	0.999384	-0.006322	0.005784	-0.032923	0.991424	-0.018231	0.069650	-0.108265	0.964048	0.006063	0.054438	-0.259818
0.960117	-0.080758	-0.044060	0.263872	0.983873	-0.153926	-0.014179	0.089366	0.999384	-0.004021	0.004988	-0.032626	0.992208	-0.018177	0.069371	-0.101318	0.973203	0.007510	0.046001	-0.224893
0.966160	-0.074237	-0.040608	0.243402	0.984827	-0.151611	-0.011883	0.082576	0.999414	-0.002990	0.004688	-0.032498	0.992856	-0.019104	0.068527	-0.095378	0.976916	0.008829	0.041791	-0.208922
0.971286	-0.069897	-0.037171	0.223964	0.985875	-0.148308	-0.010054	0.076207	0.999407	-0.001539	0.004314	-0.032514	0.994057	-0.017867	0.066250	-0.084040	0.980142	0.009172	0.038181	-0.193974
0.979063	-0.064050	-0.029410	0.190470	0.986605	-0.146440	-0.008164	0.070414	0.999442	-0.000634	0.004089	-0.032560	0.994488	-0.018974	0.065663	-0.078847	0.983100	0.008581	0.034703	-0.179344
0.982025	-0.064898	-0.025198	0.174953	0.987131	-0.147345	-0.005552	0.060848	0.999378	0.001462	0.003723	-0.033340	0.994911	-0.019493	0.064670	-0.074142	0.987652	0.006804	0.028381	-0.153290
0.984886	-0.061676	-0.022291	0.160022	0.987268	-0.148078	-0.004605	0.056356	0.999342	0.002348	0.003786	-0.034233	0.995309	-0.020371	0.063816	-0.069246	0.989437	0.004139	0.026246	-0.141935
0.987336	-0.060890	-0.018649	0.144779	0.987591	-0.147532	-0.003984	0.051809	0.999332	0.003003	0.003777	-0.034689	0.995930	-0.023289	0.061683	-0.060279	0.991092	0.004006	0.023655	-0.130647
0.991669	-0.055658	-0.013504	0.114607	0.988063	-0.145958	-0.003386	0.047191	0.999332	0.003659	0.003248	-0.034496	0.996202	-0.024123	0.060854	-0.056675	0.992628	0.004313	0.021360	-0.118623
0.993303	-0.053231	-0.011345	0.101251	0.989326	-0.139837	-0.002080	0.038205	0.999369	0.005832	0.002203	-0.034020	0.996322	-0.024872	0.060791	-0.053565	0.995571	0.002723	0.015269	-0.091811
0.994644	-0.050440	-0.009784	0.088846	0.989543	-0.139323	-0.001947	0.034454	0.999349	0.006671	0.001992	-0.034250	0.996544	-0.024609	0.060697	-0.050016	0.996764	0.003074	0.012604	-0.078587
0.995708	-0.048580	-0.008267	0.077308	0.989588	-0.140091	-0.001378	0.031267	0.999335	0.007568	0.001780	-0.034542	0.996940	-0.024478	0.060140	-0.042191	0.997592	0.003434	0.010791	-0.067202
0.997448	-0.043069	-0.005797	0.055704	0.989614	-0.140229	-0.001103	0.028529	0.999312	0.008662	0.001543	-0.034477	0.997053	-0.026175	0.059637	-0.038446	0.998181	0.001962	0.009561	-0.057834
0.998194	-0.038618	-0.004817	0.044507	0.990031	-0.138169	0.000019	0.023804	0.999329	0.009851	0.001452	-0.033733	0.997176	-0.028144	0.058908	-0.035220	0.998654	0.002023	0.008349	-0.049749
0.998679	-0.036850	-0.002185	0.032864	0.990256	-0.136734	0.000368	0.022119	0.999363	0.010903	0.001447	-0.033408	0.997318	-0.029073	0.057804	-0.032079	0.998983	0.001080	0.007277	-0.042722
0.999078	-0.034175	0.000001	0.022928	0.990623	-0.134284	0.001222	0.020133	0.999324	0.011657	0.001519	-0.033070	0.997547	-0.031928	0.055333	-0.026031	0.999496	-0.001684	0.004551	-0.028361
0.999427	-0.029265	0.001759	0.009908	0.990730	-0.133707	0.002004	0.018701	0.999360	0.012464	0.001656	-0.032912	0.997717	-0.031884	0.053904	-0.023098	0.999679	-0.003592	0.002871	-0.021466
0.999505	-0.028283	0.002176	0.006868	0.990986	-0.132372	0.003553	0.016389	0.999293	0.014810	0.001912	-0.032816	0.997823	-0.031848	0.052414	-0.020221	0.999860	-0.004009	0.000119	-0.011271
0.999558	-0.026098	0.001715	0.004277	0.991008	-0.132135	0.003752	0.015924	0.999310	0.015491	0.001866	-0.032539	0.997980	-0.032614	0.050659	-0.017527	0.999859	-0.006724	-0.000635	-0.006893
0.999563	-0.025981	0.001927	0.002330	0.991119	-0.131301	0.004209	0.015493	0.999324	0.016297	0.001748	-0.032149	0.998084	-0.033419	0.048984	-0.013120	0.999929	-0.006536	-0.000959	-0.002723
0.999603	-0.024616	0.001371	-0.001203	0.991143	-0.131176	0.004056	0.015716	0.999304	0.017147	0.001652	-0.032250	0.998137	-0.033684	0.048398	-0.011220	0.999879	-0.007282	-0.000702	0.001042
0.999629	-0.024319	0.001367	-0.002122	0.991013	-0.131840	0.004258	0.016738	0.999300	0.017667	0.001720	-0.031595	0.998144	-0.034180	0.047747	-0.010161	0.999883	-0.007265	-0.001315	0.007263
0.999625	-0.023598	0.001115	-0.002820	0.991098	-0.131365	0.004502	0.017264	0.999334	0.017697	0.001807	-0.030918	0.998211	-0.033927	0.047044	-0.008953	0.999843	-0.006654	-0.001080	0.008071
0.999657	-0.023571	0.001849	-0.003041	0.991111	-0.131019	0.005320	0.018062	0.999347	0.017599	0.001652	-0.030124	0.998270	-0.034030	0.045626	-0.007485	0.999861	-0.007168	-0.000362	0.008391
0.999663	-0.023264	0.003051	-0.003461	0.991140	-0.130547	0.005970	0.018773	0.999366	0.017439	0.001566	-0.029447	0.998307	-0.034063	0.045110	-0.007012	0.999836	-0.007910	-0.000116	0.009207
0.999669	-0.022103	0.002658	-0.003226	0.991166	-0.130198	0.006657	0.020045	0.999398	0.017306	0.001961	-0.028626	0.998352	-0.033408	0.044616	-0.006271	0.999812	-0.009257	0.000942	0.010711
0.999641	-0.023766	0.003607	-0.003064	0.990973	-0.131596	0.006926	0.020463	0.999378	0.017450	0.001929	-0.028083	0.998345	-0.033443	0.044412	-0.005762	0.999782	-0.011663	0.001923	0.010951
0.999683	-0.022312	0.002605	-0.002936	0.991253	-0.129721	0.006832	0.020623	0.999427	0.017653	0.001956	-0.027598	0.998348	-0.034178	0.044508	-0.004567	0.999791	-0.011879	0.002940	0.012119
0.999681	-0.022567	0.002286	-0.004078	0.991162	-0.129952	0.006738	0.020798	0.999421	0.017790	0.001997	-0.027296	0.998371	-0.033764	0.044391	-0.003721	0.999742	-0.012423	0.003737	0.012135
0.999647	-0.022699	0.002300	-0.003834	0.991259	-0.129416	0.006967	0.021445	0.999420	0.017933	0.002160	-0.026989	0.998387	-0.033385	0.044099	-0.003533	0.999733	-0.012818	0.004874	0.012560
0.999696	-0.022468	0.002208	-0.003714	0.991194	-0.129534	0.007143	0.021905	0.999422	0.017946	0.002336	-0.026858	0.998435	-0.033374	0.043862	-0.003392	0.999733	-0.012818	0.004874	0.012560
0.999637	-0.022921	0.002411	-0.003137	0.991229	-0.129423	0.007420	0.022561	0.999425	0.018134	0.002322	-0.026744	0.998451	-0.033409	0.042945	-0.004113	0.999746	-0.014066	0.005835	0.011423
0.999665	-0.023022	0.002365	-0.002590	0.991166	-0.129539	0.007518	0.023133	0.999438	0.018195	0.002447	-0.026863	0.998468	-0.032995	0.042736	-0.004424	0.999733	-0.014357	0.006516	0.010592
0.999675	-0.023343	0.002126	-0.002595	0.991212	-0.129355	0.007365	0.023788	0.999388	0.019279	0.002420	-0.027339	0.998463	-0.033081	0.042514	-0.004893	0.999731	-0.015390	0.007810	0.009868
0.999636	-0.023595	0.001870	-0.002539	0.991167	-0.129661	0.007477	0.023806	0.999402	0.019335	0.002487	-0.027522	0.998465	-0.033154	0.042434	-0.005128	0.999714	-0.015789	0.008389	0.009572
0.999642	-0.024248	0.001887	-0.003135	0.991178	-0.129592	0.007168	0.023822	0.999393	0.019089	0.002501	-0.027572	0.998450	-0.033118	0.042213	-0.005602	0.999689	-0.016227	0.009047	0.009033
0.999650	-0.024284	0.001868	-0.003640	0.991344	-0.128448	0.007330	0.023778	0.999421	0.018847	0.002313	-0.027264	0.998476	-0.033508	0.042113	-0.006065	0.999674	-0.017297	0.009696	0.008686
0.999638	-0.023782	0.001740	-0.003700	0.991281	-0.128575	0.007799	0.024342	0.999423	0.019264	0.001983	-0.027174	0.998492	-0.033148	0.041791	-0.006241	0.999718	-0.017131	0.010107	0.008180
0.999631	-0.023779	0.001860	-0.003675	0.991444	-0.127488	0.007812	0.024461	0.999421	0.019382	0.001853	-0.027124	0.998494	-0.032675	0.041395	-0.006602	0.999696	-0.017082	0.010453	0.007658
0.999637	-0.023803	0.001559	-0.003427	0.991346	-0.128221	0.008049	0.024809	0.999418	0.019258	0.001861	-0.027180	0.998553	-0.032523	0.040414	-0.007328	0.999681	-0.017881	0.010753	0.006262
0.999592	-0.025262	0.002112	-0.002586	0.991304	-0.128156	0.008188	0.025139	0.999418	0.019126	0.001815	-0.027360	0.998508	-0.034395	0.040186	-0.007887	0.999574	-0.022254	0.010879	0.005774
0.999569	-0.025938	0.001832	-0.001746	0.991207	-0.129003	0.008143	0.026123	0.999371	0.018683	0.001988	-0.027948	0.998524	-0.034648	0.040110	-0.008052	0.999572	-0.022277	0.011646	0.005402
0.999589	-0.026934	0.001793	-0.000812	0.991052	-0.129771	0.007773	0.026815	0.999354	0.019048	0.002234	-0.028320	0.998493	-0.034471	0.039797	-0.008158	0.999572	-0.022277	0.011646	0.005402
0.999566	-0.026828	0.000941	0.000266	0.991186	-0.128922	0.007623	0.027158	0.999351	0.019056	0.002289	-0.028195	0.998494	-0.034439	0.039874	-0.008718	0.999587	-0.023164	0.012903	0.004381
0.999571	-0.027598	0.001125	0.000697	0.991113	-0.129097	0.007668	0.027661	0.999390	0.018941	0.002217	-0.027886	0.998430	-0.035752	0.040152	-0.009102	0.999477	-0.025319	0.013687	0.003889
0.999563	-0.027325	0.000870	0.001285	0.991156	-0.128547	0.007680	0.028525	0.999413	0.019140	0.002573	-0.027876	0.998507	-0.034449	0.040103	-0.008920	0.999568	-0.023570	0.014262	0.003532
0.999560	-0.027586	0.000950	0.001536	0.991062	-0.129274	0.007718	0.028966	0.999409	0.018969	0.002762	-0.027799	0.998460	-0.035322	0.040210	-0.009129	0.999463	-0.025081	0.014829	0.003385
0.999521	-0.028269	0.001237	0.001742	0.991143	-0.128791	0.007679	0.029327	0.999373	0.019340	0.002871	-0.027872	0.998468	-0.035485	0.040118	-0.008745	0.999495	-0.025358	0.015601	0.003791
0.999454	-0.031086	0.001746	0.002370	0.991159	-0.128301	0.007726	0.029518	0.999342	0.019342	0.003195	-0.028226	0.998471	-0.034738	0.040135	-0.008540	0.999471	-0.026236	0.015771	0.004037
0.999384	-0.032727	0.002137	0.003104	0.990903	-0.130241	0.007892	0.030540	0.999397	0.018751	0.003711	-0.028236	0.998539	-0.034291	0.039784	-0.008289	0.999486	-0.025001	0.016013	0.003977
0.999370	-0.032991	0.002312	0.003499	0.990780	-0.130776	0.007848	0.031155	0.999372	0.018457	0.003714	-0.027980	0.998471	-0.034981	0.039770	-0.008498	0.999416	-0.026010	0.016652	0.003695
0.999950	0.000000	0.000000	0.000000	0.999941	0.000000	0.000000	0.000000	0.999948	0.000000	0.000000	0.000000	0.999915	0.000000	0.000000	0.000000	0.999888	0.000000	0.000000	0.000000
0.999967	-0.000292	-0.000345	0.000607	0.999952	-0.000716	-0.000170	0.000437	0.999945	-0.000112	0.000130	0.000013	0.999905	0.000660	0.000036	-0.000189	0.999914	-0.000037	0.000510	-0.000343
0.999965	-0.001213	0.000166	0.000645	0.999907	-0.001139	-0.000139	0.000815	0.999943	0.000387	0.000005	0.000413	0.999920	0.000534	0.000030	-0.000238	0.999893	0.000037	0.000884	-0.000502
0.999952	-0.000427	-0.000554	0.000750	0.999926	0.000091	-0.000252	0.000852	0.999956	0.000935	-0.000172	0.000623	0.999945	0.000452	0.000184	-0.000495	0.999902	-0.001487	0.001385	-0.000580
0.999965	-0.000743	-0.000674	0.000774	0.999923	0.000086	-0.000190	0.000792	0.999936	0.001483	-0.000206	0.000533	0.999925	0.000150	0.000259	-0.000414	0.999870	-0.006880	0.002195	-0.000475
0.999936	-0.000760	-0.000961	-0.000084	0.999916	-0.000208	-0.000391	0.000794	0.999935	0.002094	-0.000115	0.000328	0.999924	0.001029	0.000028	-0.000222	0.999897	-0.006284	0.002244	-0.000248
0.999965	-0.001370	-0.001019	-0.000375	0.999916	0.000482	-0.000716	0.000716	0.999912	0.002637	-0.000210	0.000234	0.999920	0.000963	-0.000099	-0.000263	0.999870	-0.006644	0.002370	-0.000327
0.999973	-0.000453	-0.001651	-0.000433	0.999934	0.000306	-0.000733	0.001085	0.999925	0.002875	-0.000288	0.000219	0.999945	0.000165	-0.000155	-0.000244	0.999907	-0.007866	0.002687	-0.000394
0.999948	-0.001500	-0.001157	-0.000282	0.999951	0.000440	-0.000852	0.001385	0.999952	0.003244	-0.000255	0.000207	0.999937	0.000720	-0.000218	-0.000227	0.999855	-0.007306	0.002991	-0.000462
0.999961	-0.001533	-0.001650	0.000065	0.999921	0.001004	-0.000948	0.001804	0.999964	0.003489	-0.000277	0.000257	0.999912	-0.000028	-0.000095	-0.000295	0.999859	-0.009001	0.003441	-0.000738
0.999910	-0.001182	-0.002038	0.000451	0.999953	0.000718	-0.001097	0.002477	0.999958	0.004350	-0.000280	0.000279	0.999943	0.000671	-0.000204	-0.000100	0.999878	-0.007160	0.003683	-0.000784
0.999965	-0.001266	-0.002245	0.000598	0.999923	0.000975	-0.001151	0.002963	0.999955	0.004723	-0.000042	-0.000029	0.999915	0.000918	-0.000198	-0.000062	0.999858	-0.008468	0.003852	-0.000435
0.999969	-0.001579	-0.002185	0.000653	0.999934	0.000554	-0.001180	0.003275	0.999959	0.004720	-0.000038	-0.000089	0.999942	0.001513	-0.000466	0.000346	0.999890	-0.007625	0.004025	-0.000246
0.999950	-0.002007	-0.002051	0.000652	0.999956	0.000799	-0.001109	0.003576	0.999910	0.004365	-0.000092	0.000226	0.999928	0.001595	-0.000499	0.000588	0.999865	-0.008022	0.004061	0.000219
0.999909	-0.001293	-0.002641	0.001085	0.999943	0.001497	-0.001325	0.004295	0.999959	0.004437	-0.000054	0.000475	0.999937	0.002487	-0.000595	0.000887	0.999889	-0.007092	0.004435	0.000057
0.999942	-0.003051	-0.002185	0.001564	0.999906	0.000421	-0.001520	0.005047	0.999960	0.004373	-0.000046	0.000417	0.999922	0.002663	-0.000543	0.000803	0.999861	-0.007375	0.004635	-0.000258
0.999944	-0.001409	-0.003249	0.002836	0.999901	0.001554	-0.001833	0.005818	0.999938	0.004260	-0.000049	0.000604	0.999898	0.004093	-0.000441	-0.000391	0.999874	-0.007054	0.005764	-0.003118
0.999859	-0.002237	-0.004895	0.009577	0.999894	0.001154	-0.001995	0.006923	0.999916	0.004135	-0.000169	0.000723	0.999912	0.005082	-0.000478	-0.001712	0.999835	-0.008109	0.006614	-0.006453
0.999763	-0.001389	-0.006693	0.016260	0.999831	0.001571	-0.002294	0.012174	0.999931	0.004403	-0.000197	-0.000088	0.999916	0.006913	-0.000316	-0.003937	0.999805	-0.008705	0.007824	-0.012004
0.999593	-0.000778	-0.008803	0.025108	0.999804	0.001849	-0.002474	0.016999	0.999941	0.004315	-0.000355	-0.000401	0.999821	0.011157	-0.000292	-0.007296	0.999627	-0.007855	0.009794	-0.020665
0.999228	-0.000910	-0.010487	0.035845	0.999672	0.001552	-0.002769	0.023367	0.999910	0.003919	-0.000684	-0.000530	0.999626	0.016743	-0.000955	-0.019277	0.998796	-0.005417	0.014485	-0.044821
0.997467	-0.000076	-0.015431	0.068128	0.999411	0.002567	-0.003011	0.031371	0.999924	0.003955	-0.000854	-0.000787	0.999421	0.017878	-0.001018	-0.027397	0.997972	-0.003975	0.016865	-0.059854
0.995534	-0.002676	-0.018769	0.091871	0.998737	0.001611	-0.004239	0.048958	0.999942	0.004026	-0.000914	-0.001837	0.999091	0.019599	-0.001033	-0.035702	0.996527	-0.005381	0.021036	-0.079278
0.992467	-0.004577	-0.023463	0.119425	0.998206	-0.001520	-0.005112	0.058876	0.999911	0.003943	-0.000935	-0.002328	0.998734	0.021259	-0.000810	-0.044646	0.994473	-0.005923	0.025956	-0.100995
0.988399	-0.009179	-0.028101	0.148492	0.997476	-0.004364	-0.006405	0.069650	0.999922	0.004105	-0.000776	-0.003061	0.997557	0.023254	0.000820	-0.065018	0.988172	-0.011078	0.037180	-0.147643
0.978426	-0.016578	-0.037077	0.202267	0.996530	-0.005694	-0.008055	0.081688	0.999905	0.003735	-0.000395	-0.003757	0.996639	0.025058	0.001599	-0.077066	0.984242	-0.013036	0.043444	-0.170434
0.972958	-0.019083	-0.040304	0.226387	0.993829	-0.004981	-0.011147	0.109852	0.999920	0.000795	-0.000162	-0.003978	0.995392	0.025043	0.003043	-0.091740	0.980316	-0.015384	0.048268	-0.190265
0.967309	-0.024649	-0.042277	0.248628	0.991787	-0.005466	-0.011887	0.126784	0.999948	0.000003	0.000027	-0.004112	0.993838	0.025168	0.004611	-0.107183	0.976251	-0.016743	0.052240	-0.209277
0.961527	-0.022584	-0.044592	0.269984	0.989337	-0.003081	-0.013261	0.144535	0.999911	-0.001188	0.000622	-0.004329	0.989297	0.032857	0.004636	-0.141680	0.966760	-0.015288	0.057372	-0.248334
0.947839	-0.024425	-0.045823	0.314335	0.986398	-0.002758	-0.013357	0.163531	0.999952	-0.002731	0.000689	-0.004560	0.986602	0.035259	0.003927	-0.158930	0.960512	-0.014560	0.059247	-0.271244
0.938273	-0.025976	-0.047281	0.341509	0.979576	-0.002033	-0.014059	0.200102	0.999910	-0.007076	0.001415	-0.004137	0.983579	0.033672	0.003317	-0.176873	0.952692	-0.016995	0.062148	-0.296832
0.926858	-0.031120	-0.049763	0.370562	0.975763	-0.009084	-0.014789	0.217740	0.999921	-0.008682	0.001288	-0.004134	0.980592	0.029949	0.003201	-0.193316	0.943382	-0.019528	0.066271	-0.324267
0.914122	-0.030969	-0.053710	0.400491	0.972020	-0.011099	-0.017467	0.233728	0.999864	-0.010490	0.001599	-0.003976	0.974424	0.021646	0.004678	-0.223361	0.921167	-0.024975	0.076735	-0.380532
0.884312	-0.040731	-0.065080	0.460336	0.968655	-0.014870	-0.019294	0.246924	0.999848	-0.012144	0.001456	-0.003667	0.971066	0.021605	0.004644	-0.237567	0.909254	-0.027075	0.083372	-0.406775
0.868563	-0.039964	-0.071407	0.488639	0.961124	-0.012375	-0.022437	0.274662	0.999856	-0.014396	0.001127	-0.002667	0.967535	0.020779	0.005779	-0.251466	0.896887	-0.026185	0.087253	-0.432655
0.852015	-0.042904	-0.077742	0.515788	0.957461	-0.010973	-0.022851	0.287255	0.999846	-0.015316	0.001066	-0.002570	0.964312	0.020273	0.006102	-0.263571	0.882877	-0.029204	0.093396	-0.459118
0.835773	-0.042668	-0.083355	0.540947	0.953193	-0.009591	-0.023457	0.301104	0.999811	-0.016164	0.000916	-0.002114	0.956757	0.017856	0.004866	-0.290095	0.854290	-0.023513	0.098615	-0.509719
0.802128	-0.042206	-0.091497	0.588483	0.948961	-0.008711	-0.022983	0.314304	0.999773	-0.018316	0.000761	-0.001970	0.953501	0.015686	0.004875	-0.300775	0.837840	-0.028926	0.102715	-0.535235
0.784307	-0.044139	-0.095620	0.611263	0.941175	-0.009788	-0.020807	0.336941	0.999702	-0.022856	0.001009	-0.002432	0.950263	0.013933	0.002975	-0.310842	0.819836	-0.029964	0.106071	-0.561786
0.766645	-0.044703	-0.098915	0.632712	0.936880	-0.010670	-0.020961	0.348637	0.999631	-0.025549	0.000955	-0.002259	0.947067	0.010115	0.002955	-0.320750	0.800961	-0.031490	0.109216	-0.587710
0.748064	-0.047019	-0.102180	0.653926	0.932987	-0.011942	-0.021245	0.358969	0.999546	-0.028619	0.000880	-0.002257	0.940931	0.000922	0.003888	-0.338432	0.760912	-0.037049	0.118397	-0.636769
0.712322	-0.050956	-0.109866	0.691199	0.928411	-0.013904	-0.021758	0.370450	0.999490	-0.030394	0.000890	-0.002242	0.937648	-0.000419	0.004082	-0.347484	0.741064	-0.039719	0.124810	-0.658438
0.694896	-0.053972	-0.113036	0.708012	0.918995	-0.014755	-0.025226	0.392969	0.999417	-0.033218	0.000793	-0.002190	0.933716	-0.002684	0.004697	-0.357737	0.722882	-0.039216	0.127956	-0.677790
0.677767	-0.057161	-0.116059	0.723731	0.914259	-0.015896	-0.026352	0.403763	0.999374	-0.034076	0.000868	-0.002334	0.930003	-0.003804	0.006474	-0.367303	0.704923	-0.040214	0.130205	-0.696004
0.661301	-0.060440	-0.118445	0.738144	0.909335	-0.018696	-0.029463	0.414444	0.999319	-0.035041	0.001065	-0.002343	0.923086	-0.008437	0.009388	-0.384224	0.668551	-0.041763	0.137946	-0.729476
0.629666	-0.065930	-0.122025	0.764285	0.904912	-0.023641	-0.032011	0.423614	0.999300	-0.036321	0.001161	-0.002343	0.919637	-0.012775	0.010789	-0.392212	0.652226	-0.039859	0.139790	-0.743893
0.614679	-0.067930	-0.123578	0.775968	0.897421	-0.026118	-0.033296	0.438990	0.999209	-0.038467	0.001074	-0.002260	0.916832	-0.014749	0.011543	-0.398737	0.636636	-0.037440	0.138400	-0.757645
0.600052	-0.069445	-0.124281	0.787088	0.894439	-0.026917	-0.033808	0.444916	0.999130	-0.039807	0.001181	-0.002322	0.914677	-0.015064	0.012183	-0.403486	0.620937	-0.039759	0.142084	-0.769800
0.584906	-0.070247	-0.124611	0.798300	0.891915	-0.027408	-0.033687	0.450025	0.999135	-0.040605	0.001176	-0.002286	0.910567	-0.019804	0.015204	-0.412431	0.592136	-0.041074	0.147859	-0.791017
0.553657	-0.071742	-0.127446	0.819711	0.888805	-0.030595	-0.035248	0.455740	0.999079	-0.041208	0.001148	-0.002081	0.908766	-0.021838	0.016915	-0.416277	0.578782	-0.040654	0.151414	-0.800227
0.538625	-0.072138	-0.129071	0.829421	0.882782	-0.039036	-0.039948	0.466315	0.999043	-0.041754	0.001189	-0.002057	0.907246	-0.021877	0.017547	-0.419503	0.566439	-0.038264	0.154191	-0.808605
0.524769	-0.072813	-0.132047	0.837669	0.879847	-0.040765	-0.041543	0.471504	0.999018	-0.042484	0.001380	-0.002259	0.904077	-0.023031	0.020039	-0.426184	0.545690	-0.032596	0.155521	-0.822749
0.512030	-0.072005	-0.133544	0.845411	0.877373	-0.041608	-0.042960	0.475920	0.998997	-0.042768	0.001577	-0.002112	0.902622	-0.024802	0.021901	-0.428959	0.537190	-0.032473	0.158391	-0.827769
0.490423	-0.071570	-0.137034	0.857609	0.874912	-0.044274	-0.044662	0.480058	0.999028	-0.043365	0.001455	-0.001477	0.901632	-0.025964	0.022936	-0.431014	0.529838	-0.031833	0.159172	-0.832369
0.481187	-0.071322	-0.137439	0.862736	0.871153	-0.046833	-0.047224	0.486334	0.998978	-0.043724	0.000994	-0.000574	0.900747	-0.026094	0.023749	-0.432706	0.523377	-0.030965	0.158705	-0.836587
0.472359	-0.071493	-0.137458	0.867606	0.869815	-0.048406	-0.048668	0.488374	0.998989	-0.044038	0.000755	-0.000330	0.900080	-0.026845	0.024832	-0.434061	0.517265	-0.030461	0.160004	-0.840122
0.464958	-0.072622	-0.138847	0.871289	0.868358	-0.050449	-0.050324	0.490670	0.998972	-0.044122	0.000456	-0.000347	0.899023	-0.028872	0.026070	-0.436060	0.507080	-0.025862	0.157872	-0.846884
0.452797	-0.072307	-0.139367	0.877573	0.866533	-0.049221	-0.051066	0.493922	0.998968	-0.044074	0.000270	-0.000362	0.898559	-0.028394	0.026249	-0.436991	0.502928	-0.024194	0.158199	-0.849281
0.445865	-0.071634	-0.140185	0.881093	0.865330	-0.050288	-0.051808	0.495833	0.998952	-0.044026	0.000014	-0.000259	0.898081	-0.027806	0.026413	-0.438055	0.499074	-0.022489	0.158662	-0.851545
0.439442	-0.070982	-0.142180	0.884047	0.863796	-0.052802	-0.053794	0.498076	0.999007	-0.043649	-0.000284	-0.000844	0.896974	-0.028689	0.026520	-0.440214	0.493496	-0.018786	0.159054	-0.854848
0.433101	-0.068955	-0.142567	0.887233	0.862762	-0.053569	-0.054578	0.499666	0.999010	-0.043675	-0.000515	-0.001043	0.896663	-0.028905	0.026847	-0.440851	0.492057	-0.018233	0.159968	-0.855503
0.424836	-0.070091	-0.146178	0.890575	0.860600	-0.055574	-0.057517	0.502838	0.999018	-0.043509	-0.000706	-0.001123	0.896383	-0.029044	0.026940	-0.441345	0.491871	-0.017358	0.159776	-0.855638
0.423398	-0.070694	-0.146947	0.891058	0.859950	-0.055966	-0.058765	0.503720	0.998968	-0.043454	-0.000761	-0.001256	0.896470	-0.027921	0.026622	-0.441288	0.492291	-0.016587	0.158699	-0.855640
0.423454	-0.071332	-0.147647	0.890903	0.859614	-0.055420	-0.059470	0.504330	0.999029	-0.043123	-0.001219	-0.001235	0.896753	-0.027225	0.026587	-0.440791	0.493064	-0.014811	0.157689	-0.855386
0.424332	-0.071025	-0.147771	0.890423	0.859402	-0.054664	-0.059674	0.504754	0.998976	-0.043363	-0.001061	-0.001464	0.896850	-0.026952	0.026655	-0.440639	0.493156	-0.013528	0.157326	-0.855440
0.425546	-0.068478	-0.147106	0.890209	0.859163	-0.052957	-0.059336	0.505355	0.999010	-0.043490	-0.001188	-0.001280	0.896932	-0.026313	0.026354	-0.440478	0.493127	-0.011616	0.156532	-0.855658
0.425484	-0.067420	-0.147213	0.890310	0.858645	-0.053602	-0.059437	0.506128	0.999004	-0.043782	-0.001326	-0.000724	0.896794	-0.026229	0.026276	-0.440724	0.493104	-0.009899	0.156401	-0.855671
0.425287	-0.066404	-0.147276	0.890474	0.858187	-0.054192	-0.059474	0.506837	0.998948	-0.044019	-0.001518	-0.000300	0.896627	-0.026089	0.026626	-0.441026	0.493321	-0.007463	0.155977	-0.855649
0.425168	-0.065338	-0.147446	0.890563	0.857862	-0.053951	-0.059157	0.507406	0.998984	-0.043902	-0.001386	-0.000601	0.896661	-0.025907	0.026552	-0.441095	0.493749	-0.006518	0.155809	-0.855469
0.425369	-0.063145	-0.147616	0.890596	0.857543	-0.054099	-0.058436	0.508050	0.998984	-0.043839	-0.001394	-0.000543	0.896616	-0.025666	0.026369	-0.441097	0.494348	-0.005343	0.155098	-0.855241
0.425624	-0.062813	-0.147774	0.890469	0.857545	-0.053977	-0.058429	0.508048	0.998986	-0.043600	-0.001542	-0.000440	0.896676	-0.024979	0.025872	-0.441041	0.495013	-0.004232	0.154270	-0.855022
0.425912	-0.062609	-0.147806	0.890358	0.857537	-0.054142	-0.058744	0.508046	0.999029	-0.043007	-0.001700	-0.000597	0.896696	-0.024427	0.026104	-0.441119	0.495297	-0.002170	0.153483	-0.854983
0.426235	-0.062288	-0.148070	0.890151	0.857534	-0.053877	-0.059096	0.508037	0.999063	-0.042649	-0.001719	-0.000734	0.896561	-0.024282	0.026146	-0.441385	0.495532	-0.001333	0.153367	-0.854870
0.426788	-0.061578	-0.148988	0.889796	0.857369	-0.053293	-0.059553	0.508335	0.999022	-0.042341	-0.001739	-0.000752	0.896488	-0.023750	0.026008	-0.441542	0.495499	-0.000343	0.152817	-0.855016
0.426722	-0.061198	-0.148893	0.889894	0.857068	-0.053609	-0.060244	0.508714	0.999044	-0.042109	-0.001809	-0.000889	0.896340	-0.023725	0.026426	-0.441779	0.495248	-0.000016	0.153171	-0.855099
0.426277	-0.061255	-0.148944	0.890058	0.856656	-0.054306	-0.060592	0.509295	0.999062	-0.042056	-0.001802	-0.001073	0.896002	-0.023700	0.026751	-0.442438	0.494946	0.001666	0.152604	-0.855322
0.425900	-0.061197	-0.148755	0.890271	0.856314	-0.054532	-0.060668	0.509807	0.999033	-0.042179	-0.001580	-0.001485	0.895930	-0.023664	0.026675	-0.442618	0.495005	0.002399	0.152300	-0.855349
0.425042	-0.060572	-0.148348	0.890790	0.855629	-0.055481	-0.060666	0.510902	0.999037	-0.042611	-0.001403	-0.001822	0.895829	-0.024003	0.026479	-0.442812	0.495217	0.003001	0.151458	-0.855412
0.424891	-0.060303	-0.148204	0.890950	0.855403	-0.055536	-0.060609	0.511223	0.999053	-0.042797	-0.001248	-0.002109	0.895883	-0.024420	0.026550	-0.442719	0.495322	0.003057	0.150854	-0.855440
0.424758	-0.059974	-0.148171	0.891033	0.855293	-0.055777	-0.060564	0.511479	0.999014	-0.043631	-0.001285	-0.001525	0.895921	-0.025507	0.026944	-0.442540	0.495742	0.002904	0.149960	-0.855373
0.424729	-0.059784	-0.148179	0.891042	0.855110	-0.056377	-0.060659	0.511682	0.998969	-0.043989	-0.001334	-0.001270	0.895976	-0.025555	0.026825	-0.442460	0.496002	0.003500	0.149302	-0.855366
